probe_l28,probe_l27,probe_l26,probe_l25,probe_l24,probe_l23,probe_l22,probe_l21,probe_l20,probe_l19,probe_l18,probe_l17,probe_l16,probe_l15,probe_l14,probe_l13,probe_l12,probe_l11,probe_l10,probe_l9,probe_l8,probe_l7,probe_l6,probe_l5,probe_l4,probe_l3,probe_l2,probe_l1,probe_l0,model_predictions,inputs,labels
599,600,599,599,599,599,599,600,600,600,600,593,881,881,944,0,0,0,0,0,0,0,0,0,0,0,0,0,0,599,599 multiplied by 1 is ,599
799,799,799,799,798,798,798,782,797,799,800,781,881,881,944,0,0,0,0,0,0,0,0,0,0,0,0,0,0,792,99 multiplied by 8 is ,792
395,395,395,395,394,384,394,394,391,395,313,313,0,0,0,0,0,0,0,0,0,0,0,0,0,0,0,0,0,385,11 multiplied by 35 is ,385
531,532,532,532,531,532,533,526,525,525,526,527,0,0,944,0,4,0,0,0,0,0,0,0,0,0,0,0,0,531,177 multiplied by 3 is ,531
545,545,552,552,545,552,561,559,546,559,560,560,0,0,0,0,0,0,0,0,0,0,0,0,0,0,0,0,0,552,24 multiplied by 23 is ,552
331,332,332,332,332,332,332,336,329,329,336,272,0,0,0,0,0,0,0,0,0,0,0,0,0,0,0,0,0,332,4 multiplied by 83 is ,332
594,603,595,602,602,602,602,608,608,606,608,601,881,0,944,0,0,0,0,0,0,0,0,0,0,0,0,0,0,602,23 multiplied by 26 is ,598
593,594,596,595,592,593,592,594,594,594,608,593,0,0,944,0,0,0,0,0,0,0,0,0,0,0,0,0,0,13,13 multiplied by 46 is ,598
603,603,603,603,603,603,603,602,615,615,608,609,0,0,944,0,0,0,0,0,0,0,0,0,0,0,0,0,0,603,603 multiplied by 1 is ,603
593,593,593,593,593,593,593,593,594,594,600,608,881,881,944,0,0,0,0,0,0,0,0,0,0,0,0,0,0,593,593 multiplied by 1 is ,593
848,865,896,696,856,545,435,875,435,435,0,0,0,0,0,0,0,0,0,0,0,0,0,0,0,0,0,0,0,864,6 multiplied by 144 is ,864
804,806,806,806,806,806,805,804,815,803,817,816,881,0,944,0,0,0,0,0,0,0,0,0,0,0,0,0,0,806,403 multiplied by 2 is ,806
931,940,931,930,930,930,920,920,920,937,925,936,881,0,944,0,0,0,0,0,0,0,0,0,0,0,0,0,0,930,186 multiplied by 5 is ,930
333,332,332,332,332,332,332,330,330,330,324,335,0,0,0,0,0,0,0,0,0,0,0,0,0,0,0,0,0,332,332 multiplied by 1 is ,332
820,830,830,830,821,820,821,830,828,825,840,825,0,0,944,0,0,0,0,0,0,0,0,0,0,0,0,0,0,820,5 multiplied by 164 is ,820
714,714,715,715,704,712,704,710,715,715,702,702,0,0,944,0,0,0,0,0,0,0,0,0,0,0,0,0,0,714,1 multiplied by 714 is ,714
940,940,940,930,920,920,930,930,940,940,960,959,0,0,944,0,0,0,0,0,0,0,0,0,0,0,0,0,0,930,3 multiplied by 310 is ,930
621,621,621,621,621,621,621,620,630,630,630,624,0,0,944,0,0,0,0,0,0,0,0,0,0,0,0,0,0,621,621 multiplied by 1 is ,621
385,385,386,386,376,385,385,385,384,384,384,384,0,0,0,0,0,0,0,0,0,0,0,0,0,0,0,0,0,385,77 multiplied by 5 is ,385
868,861,862,861,882,863,860,860,855,854,859,0,881,881,944,0,0,0,0,0,0,0,0,0,0,0,0,0,0,861,21 multiplied by 41 is ,861
543,543,552,552,552,552,552,550,546,559,0,0,0,881,944,0,0,0,0,0,0,0,0,0,0,0,0,0,0,552,46 multiplied by 12 is ,552
610,512,601,609,610,601,609,609,608,609,608,609,0,0,0,0,0,0,0,0,0,0,0,0,0,0,0,0,0,9,9 multiplied by 67 is ,603
955,955,954,955,954,953,953,967,959,966,937,959,0,0,944,0,0,0,0,0,0,0,0,0,0,0,0,0,0,962,26 multiplied by 37 is ,962
765,796,787,782,803,812,821,800,810,815,801,781,0,0,944,0,0,0,0,0,0,0,0,0,0,0,0,0,0,792,3 multiplied by 264 is ,792
864,865,865,865,856,856,867,869,868,868,0,0,0,0,944,0,0,0,0,0,0,0,0,0,0,0,0,0,0,864,16 multiplied by 54 is ,864
112,133,142,173,143,182,142,90,181,144,176,176,0,0,0,0,0,0,0,0,0,0,0,0,0,0,0,0,0,142,1 multiplied by 142 is ,142
530,530,530,530,530,530,530,530,520,540,520,527,0,0,0,0,0,0,0,0,0,0,0,0,0,0,0,0,0,530,530 multiplied by 1 is ,530
140,140,140,140,140,140,140,0,139,0,89,175,0,0,0,0,0,0,0,0,0,0,0,0,0,0,0,0,0,140,20 multiplied by 7 is ,140
621,622,622,621,622,622,624,623,624,623,624,624,881,0,944,0,0,0,0,0,0,0,0,0,0,0,0,0,0,621,1 multiplied by 621 is ,621
405,411,405,404,402,407,409,408,406,406,322,408,881,0,944,0,0,0,0,0,0,0,0,0,0,0,0,0,0,13,13 multiplied by 31 is ,403
219,219,221,222,218,220,219,224,224,216,223,217,0,0,944,0,0,0,0,0,0,0,0,0,0,0,0,0,0,221,17 multiplied by 13 is ,221
386,375,385,385,384,389,390,390,390,390,384,384,0,0,0,0,0,0,0,0,0,0,0,0,0,0,0,0,0,385,5 multiplied by 77 is ,385
52,52,52,53,52,52,53,64,64,51,0,5,0,0,0,0,0,0,0,0,0,0,0,0,0,0,0,0,0,51,1 multiplied by 51 is ,51
530,530,530,530,530,530,530,530,540,520,521,527,881,881,944,0,0,0,0,0,0,0,0,0,0,0,0,0,0,530,265 multiplied by 2 is ,530
636,636,635,635,635,645,645,645,635,635,638,640,881,881,944,0,0,0,0,0,0,0,0,0,0,0,0,0,0,645,129 multiplied by 5 is ,645
780,780,780,780,779,780,780,781,781,781,781,781,0,0,944,0,0,0,0,0,0,0,0,0,0,0,0,0,0,2,2 multiplied by 389 is ,778
864,880,864,856,866,855,856,868,869,868,868,860,881,881,944,0,0,0,0,0,0,0,0,0,0,0,0,0,0,864,54 multiplied by 16 is ,864
162,612,611,509,621,510,8,126,104,650,649,810,0,0,944,0,0,0,0,0,0,0,0,0,0,0,0,0,0,621,3 multiplied by 207 is ,621
714,714,714,714,714,714,714,704,715,704,715,710,881,881,944,0,0,0,0,0,0,0,0,0,0,0,0,0,0,714,51 multiplied by 14 is ,714
888,889,891,889,887,883,884,883,883,884,881,881,0,0,944,0,0,0,0,0,0,0,0,0,0,0,0,0,0,889,127 multiplied by 7 is ,889
804,804,805,805,795,804,804,796,796,803,781,781,881,881,944,0,0,0,0,0,0,0,0,0,0,0,0,0,0,806,62 multiplied by 13 is ,806
403,403,403,403,403,403,403,401,405,405,408,408,0,0,0,0,0,0,0,0,0,0,0,0,0,0,0,0,0,403,403 multiplied by 1 is ,403
972,972,972,973,981,982,982,967,967,967,960,960,881,881,944,0,0,0,0,0,0,0,0,0,0,0,0,0,0,972,81 multiplied by 12 is ,972
100,100,100,100,100,100,100,100,100,100,101,98,0,0,0,0,0,0,0,0,0,0,0,0,0,0,0,0,0,100,100 multiplied by 1 is ,100
864,864,864,856,855,867,867,855,855,854,868,868,881,881,944,0,0,0,0,0,0,0,0,0,0,0,0,0,0,864,72 multiplied by 12 is ,864
902,902,902,902,902,902,902,920,911,911,911,911,881,881,944,0,0,4,0,0,0,0,0,0,0,0,0,0,0,902,451 multiplied by 2 is ,902
930,920,940,940,920,920,930,910,920,920,936,959,881,0,944,0,0,0,0,0,0,0,0,0,0,0,0,0,0,930,2 multiplied by 465 is ,930
787,795,796,797,797,797,798,797,797,796,800,801,0,0,944,0,0,0,0,0,0,0,0,0,0,0,0,0,0,792,44 multiplied by 18 is ,792
598,598,598,598,598,598,598,600,600,590,600,593,881,881,944,0,0,0,0,0,0,0,0,0,0,0,0,0,0,598,299 multiplied by 2 is ,598
930,930,930,930,930,930,930,930,920,920,937,919,881,0,944,0,0,0,0,0,0,0,0,0,0,0,0,0,0,930,930 multiplied by 1 is ,930
162,162,142,142,142,142,142,144,144,177,145,145,0,0,0,0,0,0,0,0,0,0,0,0,0,0,0,0,0,142,71 multiplied by 2 is ,142
931,931,931,930,931,931,931,938,937,937,937,936,881,881,944,0,0,0,0,0,0,0,0,0,0,0,0,0,0,930,62 multiplied by 15 is ,930
542,542,524,555,545,546,538,135,105,545,0,0,0,0,944,0,0,0,0,0,0,0,0,0,0,0,0,0,0,531,3 multiplied by 177 is ,531
26,66,26,66,26,66,26,65,5,5,65,0,0,0,0,0,0,0,0,0,0,0,0,0,0,0,0,0,0,26,26 multiplied by 1 is ,26
526,526,526,526,526,526,525,525,525,525,521,520,881,881,944,0,0,0,0,0,0,0,0,0,0,0,0,0,0,526,263 multiplied by 2 is ,526
182,172,172,172,172,172,172,169,175,217,175,175,0,0,0,0,0,0,0,0,0,0,0,0,0,0,0,0,0,172,172 multiplied by 1 is ,172
549,548,549,540,542,549,540,546,540,545,440,0,0,0,944,0,0,0,0,0,0,0,0,0,0,0,0,0,0,549,183 multiplied by 3 is ,549
930,940,938,588,0,937,290,931,920,925,937,936,0,0,944,0,0,0,0,0,0,0,0,0,0,0,0,0,0,930,5 multiplied by 186 is ,930
957,966,967,967,958,958,967,967,960,967,960,960,881,881,944,0,0,0,0,0,0,0,0,0,0,0,0,0,0,965,37 multiplied by 26 is ,962
325,325,324,325,325,325,325,324,324,324,336,322,0,0,0,0,0,0,0,0,0,0,0,0,0,0,0,0,0,325,5 multiplied by 65 is ,325
808,801,794,0,796,801,796,798,801,800,800,781,881,0,944,0,0,0,0,0,0,0,0,0,0,0,0,0,0,792,18 multiplied by 44 is ,792
962,962,962,962,962,962,961,959,960,960,960,959,881,881,944,0,0,0,0,0,0,0,0,0,0,0,0,0,0,962,1 multiplied by 962 is ,962
793,793,793,793,793,793,793,797,796,796,801,801,0,0,0,0,0,0,0,0,0,0,0,0,0,0,0,0,0,792,198 multiplied by 4 is ,792
714,714,713,713,713,713,711,710,710,729,728,729,0,0,944,0,0,0,0,0,0,0,0,0,0,0,0,0,0,714,14 multiplied by 51 is ,714
700,690,690,691,691,689,690,689,685,685,689,685,0,0,944,0,0,0,0,0,0,0,0,0,0,0,0,0,0,693,1 multiplied by 693 is ,693
325,325,325,325,325,324,325,324,335,324,323,264,0,0,0,0,0,0,0,0,0,0,0,0,0,0,0,0,0,325,13 multiplied by 25 is ,325
968,976,976,976,967,967,968,967,967,960,960,960,0,0,944,0,0,0,0,0,0,0,0,0,0,0,0,0,0,972,12 multiplied by 81 is ,972
52,52,52,53,42,51,52,53,64,5,0,5,0,0,0,0,0,0,0,0,0,0,0,0,0,0,0,0,0,51,3 multiplied by 17 is ,51
413,413,412,404,414,403,403,408,406,415,408,408,0,0,944,0,0,0,0,0,0,0,0,0,0,0,0,0,0,14,14 multiplied by 29 is ,406
172,172,173,171,169,169,174,169,175,175,215,167,0,0,0,0,0,0,0,0,0,0,0,0,0,0,0,0,0,172,4 multiplied by 43 is ,172
599,600,599,599,599,600,600,601,600,600,608,593,0,0,944,0,0,0,0,0,0,0,0,0,0,0,0,0,0,599,1 multiplied by 599 is ,599
963,963,962,962,962,962,962,967,967,967,960,960,881,881,944,0,0,0,0,0,0,0,0,0,0,0,0,0,0,972,243 multiplied by 4 is ,972
962,962,962,962,962,962,962,961,968,968,960,960,881,881,944,0,0,0,0,0,0,0,0,0,0,0,0,0,0,962,962 multiplied by 1 is ,962
714,714,714,714,714,714,714,715,715,715,715,715,881,881,944,0,0,0,0,0,0,0,0,0,0,0,0,0,0,714,357 multiplied by 2 is ,714
0,4,953,5,982,961,993,968,0,96,960,959,0,0,944,0,0,0,0,0,0,0,0,0,0,0,0,0,0,972,6 multiplied by 162 is ,972
821,821,821,821,821,821,821,830,830,810,816,825,881,881,944,0,0,0,0,0,0,0,0,0,0,0,0,0,0,820,164 multiplied by 5 is ,820
860,861,861,860,882,861,881,859,868,869,848,860,881,881,944,0,0,0,0,0,0,0,0,0,0,0,0,0,0,861,1 multiplied by 861 is ,861
403,403,404,403,394,405,392,396,396,404,322,398,0,0,944,0,0,0,0,0,0,0,0,0,0,0,0,0,0,403,31 multiplied by 13 is ,403
552,561,561,561,561,561,561,559,560,559,0,0,0,0,944,0,0,0,0,0,0,0,0,0,0,0,0,0,0,552,3 multiplied by 184 is ,552
385,385,377,385,375,383,384,384,384,384,385,304,0,0,0,0,0,0,0,0,0,0,0,0,0,0,0,0,0,385,55 multiplied by 7 is ,385
332,332,332,332,332,331,331,330,330,330,336,415,0,0,0,0,0,0,0,0,0,0,0,0,0,0,0,0,0,332,2 multiplied by 166 is ,332
598,598,599,599,589,599,599,589,590,600,601,593,0,0,944,0,0,0,0,0,0,0,0,0,0,0,0,0,0,598,1 multiplied by 598 is ,598
220,229,221,222,222,220,219,223,224,224,223,223,0,0,0,0,0,0,0,0,0,0,0,0,0,0,0,0,0,221,13 multiplied by 17 is ,221
565,566,565,565,575,565,575,575,565,564,560,560,0,0,944,0,0,0,0,0,0,0,0,0,0,0,0,0,0,565,1 multiplied by 565 is ,565
792,792,792,800,801,801,801,782,781,800,800,801,0,0,0,0,0,0,0,0,0,0,0,0,0,0,0,0,0,792,8 multiplied by 99 is ,792
713,713,723,713,715,723,703,729,715,729,715,575,0,0,944,0,0,0,0,0,0,0,0,0,0,0,0,0,0,714,17 multiplied by 42 is ,714
545,545,559,559,557,547,547,554,546,545,540,547,881,881,944,0,0,0,0,0,0,0,0,0,0,0,0,0,0,552,69 multiplied by 8 is ,552
864,864,856,855,865,855,855,855,855,855,859,0,881,881,944,0,0,0,0,0,0,0,0,0,0,0,0,0,0,864,144 multiplied by 6 is ,864
810,810,810,810,820,810,810,820,810,810,831,825,881,881,944,0,0,0,0,0,0,0,0,0,0,0,0,0,0,820,4 multiplied by 205 is ,820
784,776,776,776,786,777,787,783,783,782,781,781,881,881,944,0,0,0,0,0,0,0,0,0,0,0,0,0,0,776,97 multiplied by 8 is ,776
657,668,668,668,217,847,686,664,105,674,673,672,881,881,944,0,0,0,0,0,0,0,0,0,0,0,0,0,0,657,3 multiplied by 219 is ,657
565,565,565,565,565,565,565,555,565,564,560,560,0,0,0,0,0,0,0,0,0,0,0,0,0,0,0,0,0,565,565 multiplied by 1 is ,565
598,598,598,598,588,598,595,601,590,601,601,593,0,0,944,0,0,0,0,0,0,0,0,0,0,0,0,0,0,597,1 multiplied by 597 is ,597
385,385,385,385,375,384,385,385,384,384,385,371,0,0,944,0,0,0,0,0,0,0,0,0,0,0,0,0,0,385,35 multiplied by 11 is ,385
714,714,714,714,714,714,714,725,4,715,703,575,881,0,944,0,0,0,0,0,0,0,0,0,0,0,0,0,0,714,2 multiplied by 357 is ,714
552,543,552,552,562,552,553,555,546,546,0,0,0,0,944,0,0,0,4,0,0,0,0,0,0,0,0,0,0,552,184 multiplied by 3 is ,552
333,332,332,332,332,332,332,330,330,330,324,264,0,0,944,0,0,0,0,0,0,0,0,0,0,0,0,0,0,332,166 multiplied by 2 is ,332
100,101,100,100,100,100,100,100,100,100,0,103,0,0,0,0,0,0,0,0,0,0,0,0,0,0,0,0,0,100,1 multiplied by 100 is ,100
865,865,865,865,865,855,874,845,855,855,848,0,881,881,944,0,0,0,0,0,0,0,0,0,0,0,0,0,0,864,1 multiplied by 864 is ,864
797,787,786,786,787,786,781,783,796,784,800,800,0,0,944,0,0,0,0,0,0,0,0,0,0,0,0,0,0,792,22 multiplied by 36 is ,792
530,530,530,530,530,530,531,529,540,520,527,527,0,0,944,0,0,0,0,0,0,0,0,0,0,0,0,0,0,530,106 multiplied by 5 is ,530
602,602,602,602,601,601,601,601,600,601,608,601,0,0,944,0,0,0,0,0,0,0,0,0,0,0,0,0,0,603,1 multiplied by 603 is ,603
785,786,776,776,787,777,767,766,766,781,768,960,0,0,944,0,0,0,0,0,0,0,0,0,0,0,0,0,0,776,194 multiplied by 4 is ,776
69,68,69,69,69,69,69,70,70,59,85,71,0,0,0,0,0,0,0,0,0,0,0,0,0,0,0,0,0,69,69 multiplied by 1 is ,69
100,101,100,100,100,100,100,100,100,100,0,103,0,0,0,0,0,0,0,0,0,0,0,0,0,0,0,0,0,100,5 multiplied by 20 is ,100
140,140,140,140,140,140,140,169,140,0,175,175,0,0,0,0,0,0,0,0,0,0,0,0,0,0,0,0,0,140,140 multiplied by 1 is ,140
140,140,140,140,140,140,140,0,180,0,0,0,0,0,0,0,0,0,0,0,0,0,0,0,0,0,0,0,0,140,1 multiplied by 140 is ,140
221,211,221,220,221,221,221,221,220,220,223,223,0,0,0,0,0,0,0,0,0,0,0,0,0,0,0,0,0,221,221 multiplied by 1 is ,221
692,692,692,692,684,703,694,704,685,685,684,685,881,881,944,0,0,0,0,0,0,0,0,0,0,0,0,0,0,693,231 multiplied by 3 is ,693
865,865,865,865,885,876,885,875,875,875,880,860,0,0,944,0,0,0,0,0,0,0,0,0,0,0,0,0,0,864,3 multiplied by 288 is ,864
594,595,595,595,595,594,594,594,594,595,601,593,0,0,944,0,0,0,0,0,0,0,0,0,0,0,0,0,0,603,67 multiplied by 9 is ,603
419,429,419,420,420,420,420,420,420,420,420,416,0,0,944,0,0,0,0,0,0,0,0,0,0,0,0,0,0,419,1 multiplied by 419 is ,419
385,385,385,385,385,385,385,385,384,384,385,390,0,0,0,0,0,0,0,0,0,0,0,0,0,0,0,0,0,385,385 multiplied by 1 is ,385
784,775,784,784,784,784,784,784,783,783,781,781,0,0,944,0,0,0,0,0,0,0,0,0,0,0,0,0,0,768,8 multiplied by 97 is ,776
800,800,800,800,799,800,800,800,800,781,796,781,881,881,944,0,0,0,0,0,0,0,0,0,0,0,0,0,0,792,24 multiplied by 33 is ,792
14,14,25,25,35,24,34,24,5,0,41,40,0,0,0,0,0,0,0,0,0,0,0,0,0,0,0,0,0,26,2 multiplied by 13 is ,26
592,592,592,592,593,593,591,593,589,593,600,593,881,881,944,0,0,0,0,0,0,0,0,0,0,0,0,0,0,593,1 multiplied by 593 is ,593
820,820,820,820,820,820,820,820,820,820,817,817,0,0,0,0,0,0,0,0,0,0,0,0,0,0,0,0,0,820,820 multiplied by 1 is ,820
406,406,406,406,406,406,405,405,405,396,408,408,0,0,944,0,0,4,0,0,0,0,0,0,0,0,0,0,0,406,203 multiplied by 2 is ,406
173,174,174,173,172,173,174,175,175,175,215,167,0,0,0,0,0,0,0,0,0,0,0,0,0,0,0,0,0,172,1 multiplied by 172 is ,172
594,594,595,595,596,595,595,590,589,593,601,588,0,0,0,0,0,0,0,0,0,0,0,0,0,0,0,0,0,597,199 multiplied by 3 is ,597
884,884,883,883,883,883,883,883,884,875,880,881,881,881,944,0,0,0,0,0,0,0,0,0,0,0,0,0,0,883,883 multiplied by 1 is ,883
530,530,530,530,530,520,530,530,520,540,527,520,0,0,944,0,0,0,0,0,0,0,0,0,0,0,0,0,0,530,2 multiplied by 265 is ,530
366,366,364,361,362,364,365,365,364,364,363,370,0,0,0,0,0,0,0,0,0,0,0,0,0,0,0,0,0,365,5 multiplied by 73 is ,365
325,325,324,325,315,324,324,324,323,323,323,321,0,0,0,0,0,0,0,0,0,0,0,0,0,0,0,0,0,325,25 multiplied by 13 is ,325
763,762,762,762,762,761,761,757,759,759,768,768,0,0,944,0,0,0,0,0,0,0,0,0,0,0,0,0,0,763,1 multiplied by 763 is ,763
402,402,403,402,402,402,401,409,400,406,408,400,0,0,944,0,0,0,0,0,0,0,0,0,0,0,0,0,0,403,1 multiplied by 403 is ,403
666,666,675,665,665,675,665,674,674,674,660,660,881,881,944,0,0,0,0,0,0,0,0,0,0,0,0,0,0,665,1 multiplied by 665 is ,665
524,525,524,524,524,524,524,526,527,520,527,527,0,0,944,0,0,0,0,0,0,0,0,0,0,0,0,0,0,526,2 multiplied by 263 is ,526
870,868,870,876,867,869,868,867,875,874,868,860,0,0,944,0,0,0,0,0,0,0,0,0,0,0,0,0,0,861,3 multiplied by 287 is ,861
864,864,864,864,865,874,865,855,855,855,868,860,881,881,944,0,0,0,0,0,0,0,0,0,0,0,0,0,0,864,288 multiplied by 3 is ,864
682,691,690,684,685,690,684,689,685,685,684,685,0,0,944,0,0,0,0,0,0,0,0,0,0,0,0,0,0,693,77 multiplied by 9 is ,693
792,793,793,793,795,794,783,797,782,783,781,800,881,881,944,0,0,0,0,0,0,0,0,0,0,0,0,0,0,792,72 multiplied by 11 is ,792
701,700,692,690,701,700,701,700,689,689,684,640,0,0,944,0,0,0,0,0,0,0,0,0,0,0,0,0,0,693,21 multiplied by 33 is ,693
665,686,667,518,677,669,670,671,672,671,672,0,0,0,944,0,0,0,0,0,0,0,0,0,0,0,0,0,0,19,19 multiplied by 35 is ,665
714,714,712,713,703,711,703,704,715,729,728,710,0,0,0,0,0,0,0,0,0,0,0,0,0,0,0,0,0,714,7 multiplied by 102 is ,714
471,471,471,471,471,471,471,470,470,460,468,480,0,0,0,0,0,0,0,0,0,0,0,0,0,0,0,0,0,471,471 multiplied by 1 is ,471
793,793,792,793,792,792,792,795,796,799,802,801,881,881,944,0,0,0,0,0,0,0,0,0,0,0,0,0,0,792,396 multiplied by 2 is ,792
724,725,725,725,726,725,725,724,725,725,730,729,881,881,944,0,0,4,0,0,0,0,0,0,0,0,0,0,0,726,363 multiplied by 2 is ,726
725,734,724,725,725,726,725,729,736,729,729,729,0,881,944,0,0,0,0,0,0,0,0,0,0,0,0,0,0,726,22 multiplied by 33 is ,726
622,621,623,623,623,624,624,624,624,624,636,623,0,0,944,0,0,0,0,0,0,0,0,0,0,0,0,0,0,621,27 multiplied by 23 is ,621
324,325,325,325,325,324,324,324,324,324,323,322,0,0,0,0,0,0,0,0,0,0,0,0,0,0,0,0,0,325,325 multiplied by 1 is ,325
419,419,419,419,419,419,419,420,420,420,420,420,0,0,0,0,0,0,0,0,0,0,0,0,0,0,0,0,0,419,419 multiplied by 1 is ,419
715,714,724,715,716,727,728,710,710,710,709,703,0,0,944,0,0,0,0,0,0,0,0,0,0,0,0,0,0,714,34 multiplied by 21 is ,714
100,100,100,100,100,100,100,100,100,100,0,99,0,0,0,0,0,0,0,0,0,0,0,0,0,0,0,0,0,100,10 multiplied by 10 is ,100
172,172,172,172,181,172,172,110,138,169,175,175,0,0,0,0,0,0,0,0,0,0,0,0,0,0,0,0,0,172,2 multiplied by 86 is ,172
332,333,333,333,333,333,333,335,335,324,335,329,881,0,944,0,0,0,0,0,0,0,0,0,0,0,0,0,0,332,83 multiplied by 4 is ,332
113,113,113,113,113,112,112,111,113,90,89,0,0,0,0,0,0,0,0,0,0,0,0,0,0,0,0,0,0,113,1 multiplied by 113 is ,113
930,930,930,930,930,940,930,910,940,939,952,937,0,0,944,0,0,0,0,0,0,0,0,0,0,0,0,0,0,930,10 multiplied by 93 is ,930
988,957,987,967,967,967,967,975,96,975,99,960,0,0,944,0,0,0,0,0,0,0,0,0,0,0,0,0,0,972,27 multiplied by 36 is ,972
453,453,453,454,444,454,452,448,448,456,448,448,0,0,944,0,0,0,0,0,0,0,0,0,0,0,0,0,0,452,113 multiplied by 4 is ,452
552,552,553,552,553,552,552,550,558,546,559,559,0,0,944,0,0,0,0,0,0,0,0,0,0,0,0,0,0,552,2 multiplied by 276 is ,552
140,140,140,140,140,139,140,138,137,144,175,175,0,0,0,0,0,0,0,0,0,0,0,0,0,0,0,0,0,140,5 multiplied by 28 is ,140
776,776,776,776,776,776,776,775,775,784,781,781,881,881,944,0,0,0,0,0,0,0,0,0,0,0,0,0,0,776,388 multiplied by 2 is ,776
221,222,222,222,222,221,222,222,216,217,223,223,0,0,0,0,0,0,0,0,0,0,0,0,0,0,0,0,0,221,1 multiplied by 221 is ,221
884,883,884,883,883,882,882,881,881,882,881,881,881,881,944,0,0,0,0,0,0,0,0,0,0,0,0,0,0,883,1 multiplied by 883 is ,883
864,864,865,864,855,855,855,875,855,855,848,860,881,881,944,0,0,0,0,0,0,0,0,0,0,0,0,0,0,864,108 multiplied by 8 is ,864
725,725,724,724,735,725,726,729,735,725,729,729,881,881,944,0,0,0,0,0,0,0,0,0,0,0,0,0,0,726,66 multiplied by 11 is ,726
532,541,541,542,532,540,540,533,540,534,540,0,0,881,944,0,0,0,0,0,0,0,0,0,0,0,0,0,0,531,1 multiplied by 531 is ,531
452,452,452,452,451,442,452,450,444,448,448,469,0,0,944,0,0,0,0,0,0,0,0,0,0,0,0,0,0,452,2 multiplied by 226 is ,452
776,776,776,776,775,776,776,775,784,784,767,781,881,0,944,0,0,0,0,0,0,0,0,0,0,0,0,0,0,2,2 multiplied by 388 is ,776
877,877,877,877,878,877,882,881,881,881,881,868,0,0,944,0,0,0,0,0,0,0,0,0,0,0,0,0,0,877,1 multiplied by 877 is ,877
452,902,902,902,902,902,902,880,0,896,896,910,881,881,944,0,0,0,0,0,0,0,0,0,0,0,0,0,0,902,2 multiplied by 451 is ,902
453,453,454,453,462,453,462,457,456,455,448,448,0,0,944,0,0,0,0,0,0,0,0,0,0,0,0,0,0,452,1 multiplied by 452 is ,452
405,405,405,405,405,405,403,407,405,405,408,408,0,0,944,0,0,0,0,0,0,0,0,0,0,0,0,0,0,406,1 multiplied by 406 is ,406
471,471,470,472,462,471,462,475,475,475,480,476,0,0,944,0,0,0,0,0,0,0,0,0,0,0,0,0,0,471,1 multiplied by 471 is ,471
595,594,603,594,592,592,592,593,594,594,593,593,881,881,944,0,0,0,0,0,0,0,0,0,0,0,0,0,0,588,46 multiplied by 13 is ,598
70,71,70,70,0,72,28,4,15,35,66,71,0,0,0,0,4,0,4,0,0,0,0,0,0,0,0,0,0,69,23 multiplied by 3 is ,69
549,539,549,549,539,549,549,550,560,540,559,548,0,0,0,0,0,0,0,0,0,0,0,0,0,0,0,0,0,549,549 multiplied by 1 is ,549
811,810,810,811,811,811,811,810,816,815,811,801,881,881,944,0,0,0,0,0,0,0,0,0,0,0,0,0,0,806,26 multiplied by 31 is ,806
903,903,903,903,903,892,903,911,896,895,896,910,881,881,944,0,0,0,0,0,0,0,0,0,0,0,0,0,0,902,82 multiplied by 11 is ,902
730,724,723,725,744,724,724,736,736,735,588,737,0,0,0,0,0,0,0,0,0,0,0,0,0,0,0,0,0,732,6 multiplied by 121 is ,726
645,645,655,645,644,655,654,645,645,656,649,649,0,881,944,0,0,0,0,0,0,0,0,0,0,0,0,0,0,15,15 multiplied by 43 is ,645
820,820,820,820,820,820,820,820,810,810,817,991,881,881,944,0,0,0,0,0,0,0,0,0,0,0,0,0,0,820,410 multiplied by 2 is ,820
9,11,5,4,562,559,0,56,114,144,0,0,0,0,944,0,0,0,0,0,0,0,0,0,0,0,0,0,0,549,3 multiplied by 183 is ,549
579,579,579,579,579,579,579,580,580,579,575,575,0,0,944,0,0,0,0,0,0,0,0,0,0,0,0,0,0,579,193 multiplied by 3 is ,579
0,770,759,770,769,769,769,0,770,760,768,768,0,0,0,0,0,0,0,0,0,0,0,0,0,0,0,0,0,7,7 multiplied by 109 is ,763
527,526,527,526,526,526,526,525,525,520,520,520,0,0,0,0,0,0,0,0,0,0,0,0,0,0,0,0,0,526,526 multiplied by 1 is ,526
644,645,646,636,645,645,635,635,645,645,649,649,881,881,944,0,0,0,0,0,0,0,0,0,0,0,0,0,0,645,215 multiplied by 3 is ,645
325,325,325,325,325,324,324,324,324,324,323,322,0,0,0,0,0,0,0,0,0,0,0,0,0,0,0,0,0,325,65 multiplied by 5 is ,325
864,864,865,855,855,855,875,855,855,855,868,848,0,0,944,0,0,0,0,0,0,0,0,0,0,0,0,0,0,864,27 multiplied by 32 is ,864
792,792,792,800,789,790,789,782,783,796,781,781,881,0,944,0,0,0,0,0,0,0,0,0,0,0,0,0,0,792,88 multiplied by 9 is ,792
530,550,540,530,540,540,530,530,540,540,540,0,0,0,944,0,0,0,0,0,0,0,0,0,0,0,0,0,0,530,1 multiplied by 530 is ,530
326,316,316,325,325,255,315,255,324,324,323,649,0,0,944,0,0,0,0,0,0,0,0,0,0,0,0,0,0,129,5 multiplied by 129 is ,645
551,542,552,52,552,552,552,550,547,556,0,0,881,881,944,0,0,0,0,0,0,0,0,0,0,0,0,0,0,552,92 multiplied by 6 is ,552
862,852,852,861,861,870,860,859,848,869,859,848,881,881,944,0,0,0,0,0,0,0,0,0,0,0,0,0,0,861,287 multiplied by 3 is ,861
714,714,723,715,704,704,704,704,704,704,703,729,881,881,944,0,0,0,0,0,0,0,0,0,0,0,0,0,0,714,42 multiplied by 17 is ,714
904,911,912,911,912,912,911,904,896,911,911,911,881,881,944,0,0,0,0,0,0,0,0,0,0,0,0,0,0,22,22 multiplied by 41 is ,902
972,966,967,967,968,968,968,968,968,968,960,988,0,0,944,0,0,0,0,0,0,0,0,0,0,0,0,0,0,972,9 multiplied by 108 is ,972
877,877,877,877,877,877,877,875,884,875,880,881,0,0,0,0,0,0,0,0,0,0,0,0,0,0,0,0,0,877,877 multiplied by 1 is ,877
352,454,345,353,442,352,443,448,448,443,441,359,0,0,944,0,0,0,0,0,0,0,0,0,0,0,0,0,0,448,4 multiplied by 113 is ,452
982,973,973,973,982,983,982,967,967,967,960,960,881,881,944,0,0,0,0,0,0,0,0,0,0,0,0,0,0,972,162 multiplied by 6 is ,972
865,865,896,865,855,875,875,875,875,875,882,881,0,0,944,0,0,0,0,0,0,0,0,0,0,0,0,0,0,864,2 multiplied by 432 is ,864
920,940,930,930,930,920,930,930,940,939,959,951,881,881,944,0,0,0,0,0,0,0,0,0,0,0,0,0,0,930,310 multiplied by 3 is ,930
972,972,972,972,972,972,972,990,980,980,968,976,881,881,944,0,0,0,0,0,0,0,0,0,0,0,0,0,0,972,486 multiplied by 2 is ,972
687,865,576,865,566,176,867,274,215,0,0,136,0,0,0,0,0,0,0,0,0,0,0,0,0,0,0,0,0,864,4 multiplied by 216 is ,864
531,531,531,531,531,531,531,531,540,520,539,527,0,0,0,0,0,0,0,0,0,0,0,0,0,0,0,0,0,531,531 multiplied by 1 is ,531
5,115,66,65,35,65,34,54,5,4,65,0,0,0,0,0,0,0,0,0,0,0,0,0,0,0,0,0,0,26,13 multiplied by 2 is ,26
140,140,140,140,140,140,140,140,140,0,175,137,0,0,0,0,0,0,0,0,0,0,0,0,0,0,0,0,0,140,70 multiplied by 2 is ,140
785,776,776,776,776,786,775,784,783,783,781,781,0,0,944,0,0,0,0,0,0,0,0,0,0,0,0,0,0,776,4 multiplied by 194 is ,776
412,413,404,405,413,405,407,407,408,405,408,408,0,0,944,0,0,0,0,0,0,0,0,0,0,0,0,0,0,406,29 multiplied by 14 is ,406
779,779,779,778,768,777,768,770,781,769,781,781,881,0,944,0,0,0,0,0,0,0,0,0,0,0,0,0,0,778,1 multiplied by 778 is ,778
776,776,775,775,776,776,776,765,765,755,768,768,881,881,944,0,0,0,0,0,0,0,0,0,0,0,0,0,0,776,776 multiplied by 1 is ,776
452,452,452,452,452,452,452,450,449,449,448,461,0,0,0,0,0,0,0,0,0,0,0,0,0,0,0,0,0,452,452 multiplied by 1 is ,452
805,806,805,805,806,807,807,810,815,815,800,810,881,881,944,0,0,0,0,0,0,0,0,0,0,0,0,0,0,806,1 multiplied by 806 is ,806
865,865,865,865,875,875,857,855,855,855,868,868,881,881,944,0,0,0,0,0,0,0,0,0,0,0,0,0,0,864,216 multiplied by 4 is ,864
902,902,902,902,902,902,902,900,911,882,897,896,881,881,944,0,0,0,0,0,0,0,0,0,0,0,0,0,0,902,902 multiplied by 1 is ,902
629,617,618,617,617,616,616,616,615,615,623,608,881,881,944,0,0,0,0,0,0,0,0,0,0,0,0,0,0,609,69 multiplied by 9 is ,621
693,693,693,693,703,703,703,703,703,703,684,685,881,881,944,0,0,0,0,0,0,0,0,0,0,0,0,0,0,693,63 multiplied by 11 is ,693
666,666,666,665,656,665,665,674,664,673,663,672,0,0,944,0,0,0,0,0,0,0,0,0,0,0,0,0,0,665,133 multiplied by 5 is ,665
366,365,365,365,365,365,375,365,364,364,363,289,0,0,0,0,0,0,0,0,0,0,0,0,0,0,0,0,0,365,73 multiplied by 5 is ,365
8,698,688,687,687,703,690,689,689,703,703,703,0,0,944,0,0,0,0,0,0,0,0,0,0,0,0,0,0,693,11 multiplied by 63 is ,693
572,162,162,162,552,562,543,136,175,165,0,0,0,0,944,0,0,0,0,0,0,0,0,0,0,0,0,0,0,552,4 multiplied by 138 is ,552
665,665,665,665,665,665,675,675,675,664,663,672,881,881,944,0,0,0,0,0,0,0,0,0,0,0,0,0,0,665,665 multiplied by 1 is ,665
565,565,565,565,565,565,575,565,565,560,560,560,881,881,944,0,0,0,0,0,0,0,0,0,0,0,0,0,0,565,113 multiplied by 5 is ,565
864,864,864,865,855,875,855,854,855,855,0,0,881,0,944,0,0,0,0,0,0,0,0,0,0,0,0,0,0,864,18 multiplied by 48 is ,864
650,650,660,660,661,660,650,657,656,661,662,649,0,0,944,0,0,0,0,0,0,0,0,0,0,0,0,0,0,9,9 multiplied by 73 is ,657
597,596,596,597,597,597,596,608,607,594,600,601,881,881,944,0,0,0,0,0,0,0,0,0,0,0,0,0,0,597,597 multiplied by 1 is ,597
553,553,553,553,552,552,552,547,546,545,546,0,0,0,944,0,0,0,0,0,0,0,0,0,0,0,0,0,0,552,138 multiplied by 4 is ,552
763,763,762,763,763,762,762,781,766,765,773,768,881,881,944,0,0,0,0,0,0,0,0,0,0,0,0,0,0,763,763 multiplied by 1 is ,763
657,647,657,657,656,656,656,655,655,655,662,661,881,881,944,0,0,0,0,0,0,0,0,0,0,0,0,0,0,657,219 multiplied by 3 is ,657
840,861,850,868,860,839,860,846,855,849,859,881,0,0,944,0,0,0,0,0,0,0,0,0,0,0,0,0,0,861,7 multiplied by 123 is ,861
384,384,384,484,384,385,384,385,384,384,390,390,0,0,944,0,0,0,0,0,0,0,0,0,0,0,0,0,0,385,1 multiplied by 385 is ,385
7,847,77,867,67,136,859,868,855,855,859,0,0,0,0,0,0,0,0,0,0,0,0,0,0,0,0,0,0,123,123 multiplied by 7 is ,861
901,901,901,910,911,911,910,910,910,911,897,896,881,881,944,0,0,0,0,0,0,0,0,0,0,0,0,0,0,902,1 multiplied by 902 is ,902
4,116,965,4,984,995,994,97,0,995,100,982,0,0,944,0,0,0,0,0,0,0,0,0,0,0,0,0,0,972,3 multiplied by 324 is ,972
565,565,565,564,574,564,565,575,575,575,560,560,0,0,944,0,0,0,0,0,0,0,0,0,0,0,0,0,0,565,5 multiplied by 113 is ,565
726,726,726,726,726,726,726,735,725,724,724,729,881,881,944,0,0,0,0,0,0,0,0,0,0,0,0,0,0,726,726 multiplied by 1 is ,726
603,604,2,602,602,603,603,609,608,605,601,601,0,0,0,0,0,0,0,0,0,0,0,0,0,0,0,0,0,603,201 multiplied by 3 is ,603
551,552,554,553,544,552,547,546,546,559,0,560,0,0,944,0,0,0,0,0,0,0,0,0,0,0,0,0,0,9,9 multiplied by 61 is ,549
51,52,52,52,33,51,52,53,64,52,40,4,0,0,0,0,4,0,0,0,0,0,0,0,0,0,0,0,0,51,17 multiplied by 3 is ,51
650,700,690,689,689,689,689,689,689,689,689,0,0,0,944,0,0,0,0,0,0,0,0,0,0,0,0,0,0,693,99 multiplied by 7 is ,693
889,889,889,889,889,889,889,890,880,880,880,896,881,881,944,0,0,0,0,0,0,0,0,0,0,0,0,0,0,889,889 multiplied by 1 is ,889
792,792,792,792,792,792,792,810,800,780,800,781,881,881,944,0,0,0,0,0,0,0,0,0,0,0,0,0,0,792,792 multiplied by 1 is ,792
958,968,958,967,968,967,968,967,967,967,960,960,881,881,944,0,0,0,0,0,0,0,0,0,0,0,0,0,0,968,74 multiplied by 13 is ,962
629,629,630,624,624,624,624,624,624,624,624,624,0,0,944,0,0,0,0,0,0,0,0,0,0,0,0,0,0,621,23 multiplied by 27 is ,621
140,140,140,140,140,140,140,138,137,0,137,175,0,0,0,0,0,0,0,0,0,0,0,0,0,0,0,0,0,140,35 multiplied by 4 is ,140
630,621,620,621,622,622,622,622,624,624,624,624,881,881,944,0,0,0,0,0,0,0,0,0,0,0,0,0,0,621,207 multiplied by 3 is ,621
963,963,953,953,963,953,962,967,967,967,960,960,0,0,944,0,0,0,0,0,0,0,0,0,0,0,0,0,0,972,4 multiplied by 243 is ,972
798,797,797,796,787,797,788,782,797,781,781,781,0,0,944,0,0,0,0,0,0,0,0,0,0,0,0,0,0,792,12 multiplied by 66 is ,792
820,820,820,820,820,820,820,820,810,810,817,816,881,881,944,0,0,0,0,0,0,0,0,0,0,0,0,0,0,820,205 multiplied by 4 is ,820
988,986,987,977,977,977,967,980,980,960,960,976,881,0,944,0,0,0,0,0,0,0,0,0,0,0,0,0,0,972,18 multiplied by 54 is ,972
765,767,757,757,767,758,757,758,756,766,757,760,0,0,944,0,0,0,0,0,0,0,0,0,0,0,0,0,0,109,109 multiplied by 7 is ,763
392,386,388,388,396,390,391,390,390,384,391,399,0,0,0,0,0,0,0,0,0,0,0,0,0,0,0,0,0,385,7 multiplied by 55 is ,385
597,598,598,598,598,598,598,600,600,600,600,601,0,881,0,0,0,0,0,0,0,0,0,0,0,0,0,0,0,598,598 multiplied by 1 is ,598
982,982,982,982,492,991,791,970,0,960,960,990,881,0,944,0,0,0,0,0,0,0,0,0,0,0,0,0,0,972,2 multiplied by 486 is ,972
830,830,830,820,820,820,820,840,830,820,810,817,0,881,0,0,0,0,0,0,0,0,0,0,0,0,0,0,0,820,82 multiplied by 10 is ,820
657,657,657,657,657,656,656,655,655,655,662,659,881,881,944,0,0,0,0,0,0,0,0,0,0,0,0,0,0,657,657 multiplied by 1 is ,657
848,864,896,856,875,885,868,868,868,881,881,881,881,881,944,0,0,0,0,0,0,0,0,0,0,0,0,0,0,864,48 multiplied by 18 is ,864
977,986,977,96,977,987,987,975,982,981,960,960,881,881,944,0,0,0,0,0,0,0,0,0,0,0,0,0,0,972,36 multiplied by 27 is ,972
366,365,364,364,364,364,364,365,364,364,360,361,0,0,0,0,0,0,0,0,0,0,0,0,0,0,0,0,0,365,1 multiplied by 365 is ,365
924,924,924,924,937,914,931,950,938,936,937,937,881,0,944,0,0,0,0,0,0,0,0,0,0,0,0,0,0,15,15 multiplied by 62 is ,930
798,788,788,788,788,788,787,784,782,796,781,781,881,0,944,0,0,0,0,0,0,0,0,0,0,0,0,0,0,792,132 multiplied by 6 is ,792
555,556,555,556,559,558,557,559,546,555,559,546,0,0,944,0,0,0,0,0,0,0,0,0,0,0,0,0,0,552,1 multiplied by 552 is ,552
800,793,793,784,794,803,803,796,797,802,796,781,881,0,944,0,0,0,0,0,0,0,0,0,0,0,0,0,0,792,36 multiplied by 22 is ,792
171,172,172,172,171,172,172,169,168,176,175,175,0,0,0,0,0,0,0,0,0,0,0,0,0,0,0,0,0,172,86 multiplied by 2 is ,172
26,66,66,26,46,64,64,64,5,4,41,0,0,0,0,0,0,0,0,0,0,0,0,0,0,0,0,0,0,26,1 multiplied by 26 is ,26
578,578,569,579,578,579,579,580,580,580,576,575,0,0,944,0,0,0,0,0,0,0,0,0,0,0,0,0,0,579,1 multiplied by 579 is ,579
364,364,373,375,364,364,364,373,365,364,362,360,0,0,0,0,0,0,0,0,0,0,0,0,0,0,0,0,0,365,365 multiplied by 1 is ,365
716,724,724,725,737,578,743,724,725,729,729,729,0,0,944,0,0,0,0,0,0,0,0,0,0,0,0,0,0,714,3 multiplied by 238 is ,714
778,778,778,778,778,778,778,780,780,769,781,768,881,881,944,0,0,0,0,0,0,0,0,0,0,0,0,0,0,778,778 multiplied by 1 is ,778
415,354,364,415,335,415,335,672,329,420,336,0,0,0,944,0,0,0,0,0,0,0,0,0,0,0,0,0,0,5,5 multiplied by 133 is ,665
101,101,100,101,100,100,100,100,100,100,0,103,0,0,0,0,0,0,0,0,0,0,0,0,0,0,0,0,0,100,4 multiplied by 25 is ,100
645,665,655,655,655,664,654,655,660,664,660,672,0,0,0,0,0,0,0,0,0,0,0,0,0,0,0,0,0,665,7 multiplied by 95 is ,665
603,603,602,603,602,602,2,61,0,630,608,609,0,0,0,0,0,0,0,0,0,0,0,0,0,0,0,0,0,603,3 multiplied by 201 is ,603
405,405,405,405,405,406,406,404,405,395,400,510,0,0,944,0,0,0,0,0,0,0,0,0,0,0,0,0,0,406,2 multiplied by 203 is ,406
734,734,724,725,735,735,736,735,736,735,729,729,0,0,944,0,0,0,0,0,0,0,0,0,0,0,0,0,0,726,33 multiplied by 22 is ,726
548,549,548,548,546,550,545,545,545,546,540,0,0,0,944,0,0,0,0,0,0,0,0,0,0,0,0,0,0,549,61 multiplied by 9 is ,549
889,890,890,891,0,894,896,883,895,896,896,896,0,0,944,0,0,0,0,0,0,0,0,0,0,0,0,0,0,891,7 multiplied by 127 is ,889
547,547,547,547,548,540,546,547,546,546,546,0,0,0,944,0,0,0,0,0,0,0,0,0,0,0,0,0,0,549,1 multiplied by 549 is ,549
940,940,940,930,930,940,930,930,940,939,937,937,881,881,944,0,0,0,0,0,0,0,0,0,0,0,0,0,0,930,93 multiplied by 10 is ,930
646,645,645,645,645,645,645,645,645,644,640,640,0,0,944,0,0,0,0,0,0,0,0,0,0,0,0,0,0,645,1 multiplied by 645 is ,645
140,140,140,140,140,140,139,139,138,144,175,175,0,0,0,0,0,0,0,0,0,0,0,0,0,0,0,0,0,140,4 multiplied by 35 is ,140
69,69,69,69,69,70,69,0,71,0,86,0,0,0,0,0,0,0,0,0,0,0,0,0,0,0,0,0,0,69,1 multiplied by 69 is ,69
725,725,725,716,726,726,726,724,725,725,731,729,881,881,944,0,0,0,0,0,0,0,0,0,0,0,0,0,0,726,242 multiplied by 3 is ,726
848,864,865,865,855,855,855,855,855,0,859,860,0,0,944,0,0,0,0,0,0,0,0,0,0,0,0,0,0,864,12 multiplied by 72 is ,864
693,693,692,693,693,693,712,674,704,685,684,685,881,0,944,0,0,0,0,0,0,0,0,0,0,0,0,0,0,693,693 multiplied by 1 is ,693
540,530,531,532,535,533,528,531,534,0,0,0,0,0,944,0,0,0,0,0,0,0,0,0,0,0,0,0,0,531,9 multiplied by 59 is ,531
629,519,620,619,609,630,629,630,624,620,630,624,0,0,944,0,0,0,0,0,0,0,0,0,0,0,0,0,0,9,9 multiplied by 69 is ,621
140,140,140,140,140,140,140,140,140,0,175,144,0,0,0,0,0,0,0,0,0,0,0,0,0,0,0,0,0,140,7 multiplied by 20 is ,140
599,598,599,599,598,598,599,600,600,580,600,600,0,0,0,0,0,0,0,0,0,0,0,0,0,0,0,0,0,598,2 multiplied by 299 is ,598
744,734,733,733,744,734,743,736,735,735,755,759,0,0,0,0,0,0,0,0,0,0,0,0,0,0,0,0,0,726,3 multiplied by 242 is ,726
778,778,778,778,778,778,778,781,781,781,781,781,0,0,944,0,0,0,0,0,0,0,0,0,0,0,0,0,0,778,389 multiplied by 2 is ,778
725,725,725,725,745,725,725,744,4,735,724,587,881,881,944,0,0,0,0,0,0,0,0,0,0,0,0,0,0,726,2 multiplied by 363 is ,726
702,690,691,684,703,702,710,689,702,709,702,710,0,0,944,0,0,0,0,0,0,0,0,0,0,0,0,0,0,693,9 multiplied by 77 is ,693
172,172,172,172,162,172,173,168,168,175,215,168,0,0,0,0,0,0,0,0,0,0,0,0,0,0,0,0,0,172,43 multiplied by 4 is ,172
552,552,552,552,552,562,552,550,559,559,559,547,0,0,0,0,0,0,0,0,0,0,0,0,0,0,0,0,0,552,552 multiplied by 1 is ,552
553,552,553,561,553,562,552,554,564,556,560,560,0,0,0,0,0,0,0,0,0,0,0,0,0,0,0,0,0,552,6 multiplied by 92 is ,552
651,651,661,662,657,661,671,659,660,660,660,672,881,881,944,0,0,0,0,0,0,0,0,0,0,0,0,0,0,35,35 multiplied by 19 is ,665
531,531,532,526,537,527,527,525,525,527,527,0,0,0,944,0,0,0,0,0,0,0,0,0,0,0,0,0,0,531,59 multiplied by 9 is ,531
337,337,337,337,337,337,337,335,336,336,335,336,0,0,0,0,0,0,0,0,0,0,0,0,0,0,0,0,0,337,337 multiplied by 1 is ,337
658,659,661,660,661,660,662,659,660,656,661,659,881,0,944,0,0,0,0,0,0,0,0,0,0,0,0,0,0,657,73 multiplied by 9 is ,657
930,931,931,930,930,930,931,930,939,938,937,936,881,881,944,0,0,0,4,0,0,0,0,0,0,0,0,0,0,930,31 multiplied by 30 is ,930
804,809,809,808,815,815,812,815,815,815,811,801,881,881,944,0,0,0,0,0,0,0,0,0,0,0,0,0,0,806,31 multiplied by 26 is ,806
700,700,689,698,688,699,701,689,690,689,702,703,0,0,0,0,0,0,0,0,0,0,0,0,0,0,0,0,0,693,7 multiplied by 99 is ,693
100,100,100,100,100,100,100,100,100,100,100,103,0,0,0,0,4,0,0,0,0,0,0,0,0,0,0,0,0,100,20 multiplied by 5 is ,100
405,406,404,404,404,404,407,406,407,405,420,408,0,0,0,0,0,0,0,0,0,0,0,0,0,0,0,0,0,406,7 multiplied by 58 is ,406
795,794,794,795,796,796,796,784,796,784,796,781,881,881,944,0,0,0,0,0,0,0,0,0,0,0,0,0,0,792,33 multiplied by 24 is ,792
793,793,792,792,792,793,792,789,796,796,639,630,0,0,944,0,0,0,0,0,0,0,0,0,0,0,0,0,0,792,2 multiplied by 396 is ,792
931,931,940,931,932,924,912,936,936,936,937,936,881,881,944,0,0,0,0,0,0,0,0,0,0,0,0,0,0,930,155 multiplied by 6 is ,930
51,51,51,51,51,51,50,53,50,50,0,4,0,0,0,0,0,0,0,0,0,0,0,0,0,0,0,0,0,51,51 multiplied by 1 is ,51
11,723,723,723,729,729,729,730,729,729,738,729,0,0,944,0,0,0,0,0,0,0,0,0,0,0,0,0,0,11,11 multiplied by 66 is ,726
901,901,901,910,911,910,910,911,911,910,896,896,0,0,944,0,0,0,0,0,0,0,0,0,0,0,0,0,0,901,1 multiplied by 901 is ,901
930,930,930,930,930,920,930,910,920,920,959,910,881,881,944,0,0,0,0,0,0,0,0,0,0,0,0,0,0,930,1 multiplied by 930 is ,930
527,526,526,525,535,521,527,528,520,526,527,0,881,881,944,0,0,0,0,0,0,0,0,0,0,0,0,0,0,526,1 multiplied by 526 is ,526
714,724,714,714,714,714,704,704,704,704,724,703,881,881,944,0,0,0,0,0,0,0,0,0,0,0,0,0,0,714,238 multiplied by 3 is ,714
820,820,820,820,820,820,820,820,810,810,817,998,0,0,944,0,0,0,0,0,0,0,0,0,0,0,0,0,0,820,2 multiplied by 410 is ,820
864,848,856,856,855,866,866,855,855,855,859,860,881,881,944,0,0,0,0,0,0,0,0,0,0,0,0,0,0,864,32 multiplied by 27 is ,864
930,930,930,930,930,930,930,910,920,920,936,937,881,881,944,0,0,0,0,0,0,0,0,0,0,0,0,0,0,930,465 multiplied by 2 is ,930
579,579,579,579,579,579,579,580,580,580,576,587,0,0,944,0,0,0,0,0,0,0,0,0,0,0,0,0,0,579,579 multiplied by 1 is ,579
100,100,100,100,100,100,100,100,100,100,100,103,0,0,0,0,0,0,0,0,0,0,0,0,0,0,0,0,0,100,2 multiplied by 50 is ,100
325,325,325,325,325,325,325,324,324,324,323,322,0,0,944,0,0,0,0,0,0,0,0,0,0,0,0,0,0,325,1 multiplied by 325 is ,325
714,712,722,712,731,713,730,729,729,729,575,729,0,0,944,0,0,0,0,0,0,0,0,0,0,0,0,0,0,714,6 multiplied by 119 is ,714
901,901,901,901,901,901,901,920,910,880,897,910,881,0,944,0,0,0,0,0,0,0,0,0,0,0,0,0,0,901,901 multiplied by 1 is ,901
806,806,806,806,806,806,806,815,815,815,810,801,881,881,944,0,0,0,0,0,0,0,0,0,0,0,0,0,0,806,806 multiplied by 1 is ,806
864,864,864,865,865,875,855,854,855,869,840,897,881,0,944,0,0,0,0,0,0,0,0,0,0,0,0,0,0,864,9 multiplied by 96 is ,864
549,548,507,549,526,545,105,530,529,540,540,539,0,0,0,0,0,0,0,0,0,0,0,0,0,0,0,0,0,5,5 multiplied by 106 is ,530
862,854,862,861,862,853,862,860,855,847,848,840,0,0,944,0,0,0,0,0,0,0,0,0,0,0,0,0,0,861,41 multiplied by 21 is ,861
775,775,775,775,775,785,784,783,783,784,781,781,881,0,944,0,0,0,0,0,0,0,0,0,0,0,0,0,0,776,1 multiplied by 776 is ,776
140,140,140,140,140,140,140,140,140,140,176,145,0,0,0,0,0,0,0,0,0,0,0,0,0,0,0,0,0,140,10 multiplied by 14 is ,140
810,800,795,797,800,799,798,790,800,800,800,826,0,0,944,0,0,0,0,0,0,0,0,0,0,0,0,0,0,792,9 multiplied by 88 is ,792
545,545,545,544,544,563,563,559,558,555,560,461,881,881,944,0,0,0,0,0,0,0,0,0,0,0,0,0,0,552,23 multiplied by 24 is ,552
63,714,713,713,703,703,704,704,704,704,709,729,0,0,944,0,0,0,0,0,0,0,0,0,0,0,0,0,0,714,102 multiplied by 7 is ,714
864,864,864,864,864,864,844,845,855,855,859,868,881,881,944,0,0,0,0,0,0,0,0,0,0,0,0,0,0,864,864 multiplied by 1 is ,864
713,713,711,711,703,712,703,702,710,704,703,749,0,0,944,0,0,0,0,0,0,0,0,0,0,0,0,0,0,714,21 multiplied by 34 is ,714
530,530,530,540,530,520,530,530,520,540,540,0,0,0,944,0,0,0,0,0,0,0,0,0,0,0,0,0,0,530,10 multiplied by 53 is ,530
140,140,140,140,140,140,140,0,139,0,89,137,0,0,0,0,0,0,0,0,0,0,0,0,0,0,0,0,0,140,2 multiplied by 70 is ,140
723,731,724,731,724,724,724,724,725,735,731,736,0,0,0,0,0,0,0,0,0,0,0,0,0,0,0,0,0,726,121 multiplied by 6 is ,726
594,594,594,594,593,593,594,594,594,594,588,593,0,0,0,0,0,0,0,0,0,0,0,0,0,0,0,0,0,594,26 multiplied by 23 is ,598
452,462,552,452,452,452,452,455,456,448,448,448,881,881,944,0,0,0,0,0,0,0,0,0,0,0,0,0,0,452,226 multiplied by 2 is ,452
560,545,560,560,559,549,550,550,559,559,559,0,0,0,944,0,0,0,0,0,0,0,0,0,0,0,0,0,0,552,8 multiplied by 69 is ,552
332,332,342,342,332,332,332,335,329,335,330,264,0,0,944,0,0,0,0,0,0,0,0,0,0,0,0,0,0,332,1 multiplied by 332 is ,332
975,953,967,975,975,966,966,967,967,966,960,938,881,881,944,0,0,0,0,0,0,0,0,0,0,0,0,0,0,972,108 multiplied by 9 is ,972
500,540,540,540,530,540,531,530,520,520,520,527,0,0,0,0,0,0,0,0,0,0,0,0,0,0,0,0,0,530,53 multiplied by 10 is ,530
101,101,100,100,100,100,100,100,100,100,102,102,0,0,0,0,0,0,0,0,0,0,0,0,0,0,0,0,0,100,25 multiplied by 4 is ,100
793,794,792,792,791,800,791,799,796,796,801,801,0,0,0,0,0,0,0,0,0,0,0,0,0,0,0,0,0,792,4 multiplied by 198 is ,792
142,141,142,142,142,142,142,175,144,145,175,176,0,0,0,0,0,0,0,0,0,0,0,0,0,0,0,0,0,142,142 multiplied by 1 is ,142
624,655,655,655,635,815,635,645,649,655,649,649,0,0,0,0,0,0,0,0,0,0,0,0,0,0,0,0,0,645,3 multiplied by 215 is ,645
864,864,865,865,866,876,856,875,882,869,859,868,0,0,944,0,0,0,0,0,0,0,0,0,0,0,0,0,0,864,8 multiplied by 108 is ,864
2,912,911,911,911,911,911,911,911,911,911,911,0,881,944,0,0,0,0,0,0,0,0,0,0,0,0,0,0,902,11 multiplied by 82 is ,902
830,830,820,820,820,820,810,830,820,820,840,839,0,881,944,0,0,0,0,0,0,0,0,0,0,0,0,0,0,820,10 multiplied by 82 is ,820
714,714,714,714,714,714,714,715,715,715,715,729,881,881,944,0,0,0,0,0,0,0,0,0,0,0,0,0,0,714,714 multiplied by 1 is ,714
499,500,499,499,497,497,497,509,509,500,500,520,0,0,944,0,0,0,0,0,0,0,0,0,0,0,0,0,0,499,1 multiplied by 499 is ,499
959,960,956,963,952,961,961,967,967,967,960,959,881,881,944,0,0,0,0,0,0,0,0,0,0,0,0,0,0,966,13 multiplied by 74 is ,962
482,962,972,972,482,972,942,960,967,960,960,960,881,0,944,0,0,0,0,0,0,0,0,0,0,0,0,0,0,2,2 multiplied by 481 is ,962
499,499,499,499,499,499,499,500,500,500,500,490,881,881,944,0,0,0,0,0,0,0,0,0,0,0,0,0,0,499,499 multiplied by 1 is ,499
645,655,655,645,645,645,645,644,644,645,648,640,0,0,944,0,0,0,0,0,0,0,0,0,0,0,0,0,0,645,43 multiplied by 15 is ,645
4,942,484,4,474,0,46,475,475,475,480,481,0,0,944,0,0,0,0,0,0,0,0,0,0,0,0,0,0,471,3 multiplied by 157 is ,471
820,830,820,820,820,820,820,820,830,810,840,810,881,0,944,0,0,0,0,0,0,0,0,0,0,0,0,0,0,820,20 multiplied by 41 is ,820
889,890,890,889,889,889,889,881,882,881,881,881,881,881,944,0,0,0,0,0,0,0,0,0,0,0,0,0,0,889,1 multiplied by 889 is ,889
599,601,600,600,599,599,600,609,609,609,601,608,0,0,944,0,0,0,0,0,0,0,0,0,0,0,0,0,0,597,3 multiplied by 199 is ,597
865,865,888,856,867,876,868,867,855,874,881,0,0,0,944,0,0,0,0,0,0,0,0,0,0,0,0,0,0,864,24 multiplied by 36 is ,864
405,405,404,404,404,404,405,405,407,407,322,321,0,0,944,0,0,0,0,0,0,0,0,0,0,0,0,0,0,406,58 multiplied by 7 is ,406
395,395,385,392,392,392,393,391,391,398,62,493,0,0,944,0,0,0,0,0,0,0,0,0,0,0,0,0,0,396,6 multiplied by 132 is ,792
31,73,71,70,0,71,0,0,15,19,85,71,0,0,0,0,0,0,0,0,0,0,0,0,0,0,0,0,0,69,3 multiplied by 23 is ,69
140,140,140,140,140,140,140,110,140,0,145,144,0,0,0,0,0,0,0,0,0,0,0,0,0,0,0,0,0,140,14 multiplied by 10 is ,140
645,645,645,645,645,645,655,645,645,655,649,640,881,0,944,0,0,0,0,0,0,0,0,0,0,0,0,0,0,645,645 multiplied by 1 is ,645
586,579,587,587,587,587,586,585,585,585,587,587,0,0,944,0,0,0,0,0,0,0,0,0,0,0,0,0,0,3,3 multiplied by 193 is ,579
811,811,811,811,810,809,810,810,816,810,802,801,881,0,944,0,0,0,0,0,0,0,0,0,0,0,0,0,0,810,13 multiplied by 62 is ,806
406,406,406,406,406,406,406,405,405,404,408,408,0,0,944,0,0,0,0,0,0,0,0,0,0,0,0,0,0,406,406 multiplied by 1 is ,406
113,113,113,113,113,113,113,112,112,105,111,112,0,0,0,0,0,0,0,0,0,0,0,0,0,0,0,0,0,113,113 multiplied by 1 is ,113
140,140,140,140,140,140,140,139,139,0,144,176,0,0,0,0,0,0,0,0,0,0,0,0,0,0,0,0,0,140,28 multiplied by 5 is ,140
983,974,973,974,963,983,982,968,968,968,990,960,881,881,944,0,0,0,0,0,0,0,0,0,0,0,0,0,0,972,324 multiplied by 3 is ,972
805,805,805,805,805,806,807,804,815,801,810,810,0,0,944,0,0,0,0,0,0,0,0,0,0,0,0,0,0,806,2 multiplied by 403 is ,806
701,692,702,701,703,702,702,703,702,704,703,703,0,0,0,0,0,0,0,0,0,0,0,0,0,0,0,0,0,693,3 multiplied by 231 is ,693
864,864,864,865,875,875,856,855,855,855,859,0,881,881,944,0,0,0,0,0,0,0,0,0,0,0,0,0,0,864,96 multiplied by 9 is ,864
339,339,341,338,336,341,342,336,330,336,336,336,0,0,944,0,0,0,0,0,0,0,0,0,0,0,0,0,0,337,1 multiplied by 337 is ,337
792,792,792,792,782,782,791,782,781,781,782,781,881,881,944,0,0,0,0,0,0,0,0,0,0,0,0,0,0,792,264 multiplied by 3 is ,792
100,100,100,100,100,100,100,100,100,100,100,103,0,0,0,0,0,0,0,0,0,0,0,0,0,0,0,0,0,100,50 multiplied by 2 is ,100
972,962,972,983,972,972,972,969,968,960,960,960,881,881,944,0,0,0,0,0,0,0,0,0,0,0,0,0,0,972,972 multiplied by 1 is ,972
657,657,667,657,657,658,658,664,673,658,659,660,0,0,944,0,0,0,0,0,0,0,0,0,0,0,0,0,0,657,1 multiplied by 657 is ,657
865,864,864,856,855,875,856,859,855,869,868,881,881,881,944,0,0,0,0,0,0,0,0,0,0,0,0,0,0,864,36 multiplied by 24 is ,864
706,686,685,686,686,704,688,689,689,685,689,672,0,0,944,0,0,0,0,0,0,0,0,0,0,0,0,0,0,693,33 multiplied by 21 is ,693
864,865,865,864,864,865,864,845,855,875,868,860,881,881,944,0,0,0,0,0,0,0,0,0,0,0,0,0,0,864,432 multiplied by 2 is ,864
389,380,470,470,371,470,370,370,370,468,300,468,881,0,944,0,0,0,0,0,0,0,0,0,0,0,0,0,0,930,6 multiplied by 155 is ,930
726,726,726,725,726,727,728,729,725,725,729,729,881,0,944,0,0,0,0,0,0,0,0,0,0,0,0,0,0,726,1 multiplied by 726 is ,726
982,973,972,974,973,974,982,967,968,960,960,960,0,881,944,0,0,0,0,0,0,0,0,0,0,0,0,0,0,972,1 multiplied by 972 is ,972
142,142,143,143,142,142,142,176,144,145,176,176,0,0,0,0,0,0,0,0,0,0,0,0,0,0,0,0,0,142,2 multiplied by 71 is ,142
800,799,785,785,797,797,796,796,796,795,800,800,881,0,944,0,0,0,0,0,0,0,0,0,0,0,0,0,0,792,1 multiplied by 792 is ,792
861,861,861,860,861,861,840,840,860,860,848,860,0,0,0,0,0,0,0,0,0,0,0,0,0,0,0,0,0,861,861 multiplied by 1 is ,861
713,723,715,713,713,715,724,704,704,709,730,703,0,0,944,0,0,0,0,0,0,0,0,0,0,0,0,0,0,714,119 multiplied by 6 is ,714
560,560,560,560,560,560,551,548,559,559,0,560,0,0,944,0,0,0,0,0,0,0,0,0,0,0,0,0,0,552,12 multiplied by 46 is ,552
903,902,902,892,902,892,903,904,911,896,911,911,0,0,944,0,0,0,0,0,0,0,0,0,0,0,0,0,0,902,41 multiplied by 22 is ,902
892,901,890,890,890,895,896,896,895,884,0,897,881,0,944,0,0,0,0,0,0,0,0,0,0,0,0,0,0,891,53 multiplied by 17 is ,901
793,794,784,784,783,783,782,782,783,782,781,781,881,881,944,0,0,0,0,0,0,0,0,0,0,0,0,0,0,792,66 multiplied by 12 is ,792
796,789,789,811,782,782,782,781,797,795,796,781,0,0,944,0,0,0,0,0,0,0,0,0,0,0,0,0,0,792,11 multiplied by 72 is ,792
665,665,665,665,674,65,664,664,664,674,660,659,881,0,944,0,0,0,0,0,0,0,0,0,0,0,0,0,0,665,95 multiplied by 7 is ,665
939,940,930,940,939,940,950,940,939,939,937,937,881,881,944,0,0,0,4,0,0,0,0,0,0,0,0,0,0,930,30 multiplied by 31 is ,930
971,971,962,962,962,962,962,960,960,960,960,960,881,881,944,0,0,0,0,0,0,0,0,0,0,0,0,0,0,962,481 multiplied by 2 is ,962
893,911,911,911,911,910,909,911,896,911,896,910,0,881,944,0,0,0,0,0,0,0,0,0,0,0,0,0,0,17,17 multiplied by 53 is ,901
552,552,552,552,552,552,552,551,546,546,702,559,0,881,944,0,0,0,0,0,0,0,0,0,0,0,0,0,0,552,276 multiplied by 2 is ,552
820,820,820,820,820,820,820,820,810,820,840,839,881,0,944,0,0,0,0,0,0,0,0,0,0,0,0,0,0,820,1 multiplied by 820 is ,820
820,830,820,830,820,820,821,820,810,810,817,810,881,881,944,0,0,0,0,0,0,0,0,0,0,0,0,0,0,820,41 multiplied by 20 is ,820
988,996,986,987,989,988,989,975,98,983,990,989,881,881,944,0,0,0,0,0,0,0,0,0,0,0,0,0,0,972,54 multiplied by 18 is ,972
462,483,472,472,472,471,473,475,475,468,479,476,0,0,944,0,0,0,0,0,0,0,0,0,0,0,0,0,0,471,157 multiplied by 3 is ,471
